{"0.0": 19, "0.05": 19, "0.1": 19, "0.15000000000000002": 19, "0.2": 19, "0.25": 19, "0.30000000000000004": 19, "0.35000000000000003": 19, "0.4": 19, "0.45": 19, "0.5": 19, "0.55": 19, "0.6000000000000001": 19, "0.65": 19, "0.7000000000000001": 19, "0.75": 19, "0.8": 19, "0.8500000000000001": 19, "0.9": 19, "0.9500000000000001": 19, "1.0": 19, "1.05": 19, "1.1": 19, "1.1500000000000001": 19, "1.2000000000000002": 19, "1.25": 19, "1.3": 18, "1.35": 18, "1.4000000000000001": 17, "1.4500000000000002": 17, "1.5": 16, "1.55": 14, "1.6": 11, "1.6500000000000001": 8, "1.7000000000000002": 6, "1.75": 5, "1.8": 2, "1.85": 2, "1.9000000000000001": 1, "1.9500000000000002": 1, "2.0": 0}