{"0.0": 19, "0.05": 19, "0.1": 19, "0.15000000000000002": 19, "0.2": 19, "0.25": 19, "0.30000000000000004": 19, "0.35000000000000003": 19, "0.4": 19, "0.45": 19, "0.5": 19, "0.55": 19, "0.6000000000000001": 19, "0.65": 19, "0.7000000000000001": 19, "0.75": 19, "0.8": 19, "0.8500000000000001": 19, "0.9": 19, "0.9500000000000001": 19, "1.0": 19, "1.05": 19, "1.1": 19, "1.1500000000000001": 19, "1.2000000000000002": 19, "1.25": 19, "1.3": 19, "1.35": 19, "1.4000000000000001": 19, "1.4500000000000002": 19, "1.5": 19, "1.55": 18, "1.6": 18, "1.6500000000000001": 17, "1.7000000000000002": 16, "1.75": 16, "1.8": 15, "1.85": 13, "1.9000000000000001": 10, "1.9500000000000002": 9, "2.0": 7, "2.0500000000000003": 6, "2.1": 4, "2.15": 4, "2.2": 4, "2.25": 3, "2.3000000000000003": 2, "2.35": 2, "2.4000000000000004": 2, "2.45": 1, "2.5": 1, "2.5500000000000003": 0}