{"0.0": 15, "0.05": 14, "0.1": 13, "0.15000000000000002": 11, "0.2": 9, "0.25": 7, "0.30000000000000004": 7, "0.35000000000000003": 4, "0.4": 4, "0.45": 4, "0.5": 4, "0.55": 3, "0.6000000000000001": 0}