{"0.0": 17, "0.05": 16, "0.1": 16, "0.15000000000000002": 15, "0.2": 15, "0.25": 12, "0.30000000000000004": 12, "0.35000000000000003": 8, "0.4": 6, "0.45": 3, "0.5": 2, "0.55": 1, "0.6000000000000001": 0}