{"0.0": 4, "0.05": 3, "0.1": 4, "0.15000000000000002": 3, "0.2": 3, "0.25": 2, "0.30000000000000004": 3, "0.35000000000000003": 4, "0.4": 3, "0.45": 1, "0.5": 1, "0.55": 1, "0.6000000000000001": 1, "0.65": 1, "0.7000000000000001": 0}