{"0.0": 16, "0.05": 14, "0.1": 13, "0.15000000000000002": 11, "0.2": 9, "0.25": 7, "0.30000000000000004": 4, "0.35000000000000003": 3, "0.4": 2, "0.45": 2, "0.5": 1, "0.55": 0}