{"0.0": 11, "0.05": 10, "0.1": 8, "0.15000000000000002": 5, "0.2": 4, "0.25": 2, "0.30000000000000004": 2, "0.35000000000000003": 0}