{"0.0": 19, "0.05": 19, "0.1": 19, "0.15000000000000002": 19, "0.2": 19, "0.25": 19, "0.30000000000000004": 19, "0.35000000000000003": 19, "0.4": 19, "0.45": 19, "0.5": 19, "0.55": 19, "0.6000000000000001": 19, "0.65": 19, "0.7000000000000001": 19, "0.75": 19, "0.8": 19, "0.8500000000000001": 19, "0.9": 19, "0.9500000000000001": 19, "1.0": 19, "1.05": 19, "1.1": 19, "1.1500000000000001": 19, "1.2000000000000002": 19, "1.25": 19, "1.3": 19, "1.35": 19, "1.4000000000000001": 19, "1.4500000000000002": 19, "1.5": 19, "1.55": 19, "1.6": 19, "1.6500000000000001": 19, "1.7000000000000002": 19, "1.75": 18, "1.8": 18, "1.85": 18, "1.9000000000000001": 17, "1.9500000000000002": 17, "2.0": 17, "2.0500000000000003": 17, "2.1": 17, "2.15": 17, "2.2": 16, "2.25": 15, "2.3000000000000003": 15, "2.35": 15, "2.4000000000000004": 17, "2.45": 16, "2.5": 14, "2.5500000000000003": 11, "2.6": 8, "2.6500000000000004": 3, "2.7": 3, "2.75": 3, "2.8000000000000003": 2, "2.85": 2, "2.9000000000000004": 1, "2.95": 1, "3.0": 1, "3.0500000000000003": 1, "3.1": 1, "3.1500000000000004": 1, "3.2": 0}